id;job_name;company_name;location;salary_details;job_description;expire_date;job_apply_method
1;gadzooks atomize;quarrelsomely leach;worry jaw geez;2024-08-26T22:49:05;midst brutalize unless;2024-08-27T08:17:31;rename horrible
2;teapot that;carelessly;seldom;2024-08-27T02:08:05;inside yippee;2024-08-27T05:57:07;emotional worth considering
3;sans because polite;pro pish;urgently ick;2024-08-27T03:51:29;ouch;2024-08-27T02:19:10;attempt ick where
4;doctrine;comprehension;since wrapping schedule;2024-08-27T09:12:49;than neutralise whoa;2024-08-26T13:31:21;oddly who
5;but of pillory;sprout;reignite tone;2024-08-27T02:32:54;why;2024-08-26T20:29:56;crisp gator famously
6;whoa;whereas;versus phooey access;2024-08-26T16:23:54;amongst amid;2024-08-27T05:52:15;pfft reference crocodile
7;yet nautical right;smoulder unloosen;along;2024-08-26T19:17:29;mmm fooey;2024-08-26T23:44:47;psst
8;near so;lightning boulevard yawningly;zone;2024-08-26T21:14:59;actually destination enormously;2024-08-26T17:39:38;cringe unabashedly those
9;given smug zealous;lively cleverly;hm vacantly fabulous;2024-08-27T05:58:10;meh amid;2024-08-27T07:41:10;drat kindly hideous
10;inasmuch unloose spay;down woot in;macaw;2024-08-26T23:08:15;alarming hurtful;2024-08-27T07:08:17;since gently
