id;volunteer_name;date_and_time;location;time_duration;description;member;volunteer_op_coordinator
1;plonk disappoint so;2024-08-26T17:29:03;towards ew;2024-08-27T07:21:39;controversy before dear;dispense pepper iron;stormy correctly
2;hawk watermelon;2024-08-27T03:22:49;down intimidate;2024-08-26T16:45:37;slowly ingrate caption;next poll;profuse afraid
3;sterilize but boo;2024-08-26T17:05:35;circa brake;2024-08-27T04:19:34;lovingly;transliterate after;physically fresh code
4;probable;2024-08-27T06:25:23;alb;2024-08-26T20:04:17;single carpeting and;astride whopping;smooth
5;course;2024-08-26T21:05:52;embarrassment defrag bachelor;2024-08-27T00:39:05;why;chaperon happy geez;frenetically incidentally
6;than rise which;2024-08-27T01:00:34;gah;2024-08-26T22:06:45;yuck;aggravating discolor stand;behind why feather
7;speedily amidst;2024-08-27T06:37:15;general strong lest;2024-08-27T02:21:27;amidst;true;barring really regularly
8;inasmuch;2024-08-27T03:05:01;anti an;2024-08-26T20:06:35;burdensome meh forked;eek;circumscribe or opposite
9;than unlike ha;2024-08-26T22:40:26;alive zesty;2024-08-26T12:38:02;flour boo yahoo;into;focalise curl
10;aw woot yet;2024-08-26T15:22:39;atop;2024-08-26T12:44:04;incidentally;including plaintive miserably;till gee zowie
